{
  "n_per_config": 300,
  "default_config": {
    "n_buses_range": [
      4,
      8
    ],
    "extra_edge_prob": 0.25,
    "reactance_range": [
      0.05,
      0.4
    ],
    "load_range": [
      20.0,
      120.0
    ],
    "n_gen_range": [
      2,
      4
    ],
    "cap_range": [
      0.5,
      1.5
    ],
    "cap_scale_range": [
      1.3,
      2.0
    ],
    "pmin_frac_max": 0.15,
    "cost_model": "stack",
    "cost_range": [
      10.0,
      80.0
    ],
    "congestion_bias": 0.45,
    "tight_frac": [
      0.1,
      0.35
    ],
    "loose_frac": [
      0.6,
      1.0
    ],
    "limit_floor_mw": 15.0
  },
  "results": {
    "baseline_default": {
      "config": {},
      "metrics": {
        "n": 300,
        "merit_infeasible_rate": 0.45666666666666667,
        "binding_rate": 0.47333333333333333,
        "mean_premium_all": 0.08670589813765663,
        "median_premium_congested": 0.091663884730942,
        "max_premium": 1.5619924465819675,
        "mean_n_binding": 0.55,
        "mean_n_buses": 6.0633333333333335,
        "mean_n_lines": 8.14,
        "rejection_rate": 0.212
      }
    },
    "bias=0.3_uniform": {
      "config": {
        "congestion_bias": 0.3,
        "cost_model": "uniform"
      },
      "metrics": {
        "n": 300,
        "merit_infeasible_rate": 0.3,
        "binding_rate": 0.33,
        "mean_premium_all": 0.03405846336623288,
        "median_premium_congested": 0.038746089908819586,
        "max_premium": 0.6393150089809165,
        "mean_n_binding": 0.35,
        "mean_n_buses": 6.1033333333333335,
        "mean_n_lines": 8.146666666666667,
        "rejection_rate": 0.148
      }
    },
    "bias=0.45_uniform": {
      "config": {
        "congestion_bias": 0.45,
        "cost_model": "uniform"
      },
      "metrics": {
        "n": 300,
        "merit_infeasible_rate": 0.39666666666666667,
        "binding_rate": 0.4166666666666667,
        "mean_premium_all": 0.05580669729360795,
        "median_premium_congested": 0.05469928519051272,
        "max_premium": 1.1435808632917126,
        "mean_n_binding": 0.46,
        "mean_n_buses": 6.163333333333333,
        "mean_n_lines": 8.296666666666667,
        "rejection_rate": 0.248
      }
    },
    "bias=0.55_uniform": {
      "config": {
        "congestion_bias": 0.55,
        "cost_model": "uniform"
      },
      "metrics": {
        "n": 300,
        "merit_infeasible_rate": 0.46,
        "binding_rate": 0.49,
        "mean_premium_all": 0.07177629659397963,
        "median_premium_congested": 0.05823966546150687,
        "max_premium": 1.6319730017831011,
        "mean_n_binding": 0.56,
        "mean_n_buses": 6.183333333333334,
        "mean_n_lines": 8.396666666666667,
        "rejection_rate": 0.276
      }
    },
    "bias=0.7_uniform": {
      "config": {
        "congestion_bias": 0.7,
        "cost_model": "uniform"
      },
      "metrics": {
        "n": 300,
        "merit_infeasible_rate": 0.55,
        "binding_rate": 0.5833333333333334,
        "mean_premium_all": 0.09007848997489283,
        "median_premium_congested": 0.07088930544415856,
        "max_premium": 1.8092107137714049,
        "mean_n_binding": 0.6733333333333333,
        "mean_n_buses": 6.16,
        "mean_n_lines": 8.403333333333334,
        "rejection_rate": 0.342
      }
    },
    "bias=0.3_stack": {
      "config": {
        "congestion_bias": 0.3,
        "cost_model": "stack"
      },
      "metrics": {
        "n": 300,
        "merit_infeasible_rate": 0.3566666666666667,
        "binding_rate": 0.37333333333333335,
        "mean_premium_all": 0.06447638424954713,
        "median_premium_congested": 0.08349136027328186,
        "max_premium": 1.3043336970073274,
        "mean_n_binding": 0.4033333333333333,
        "mean_n_buses": 6.053333333333334,
        "mean_n_lines": 8.11,
        "rejection_rate": 0.162
      }
    },
    "bias=0.45_stack": {
      "config": {
        "congestion_bias": 0.45,
        "cost_model": "stack"
      },
      "metrics": {
        "n": 300,
        "merit_infeasible_rate": 0.45666666666666667,
        "binding_rate": 0.47333333333333333,
        "mean_premium_all": 0.08670589813765663,
        "median_premium_congested": 0.091663884730942,
        "max_premium": 1.5619924465819675,
        "mean_n_binding": 0.55,
        "mean_n_buses": 6.0633333333333335,
        "mean_n_lines": 8.14,
        "rejection_rate": 0.212
      }
    },
    "bias=0.55_stack": {
      "config": {
        "congestion_bias": 0.55,
        "cost_model": "stack"
      },
      "metrics": {
        "n": 300,
        "merit_infeasible_rate": 0.5066666666666667,
        "binding_rate": 0.53,
        "mean_premium_all": 0.09519591753568843,
        "median_premium_congested": 0.0906933535539575,
        "max_premium": 1.5619924465819675,
        "mean_n_binding": 0.62,
        "mean_n_buses": 6.09,
        "mean_n_lines": 8.22,
        "rejection_rate": 0.266
      }
    },
    "bias=0.7_stack": {
      "config": {
        "congestion_bias": 0.7,
        "cost_model": "stack"
      },
      "metrics": {
        "n": 300,
        "merit_infeasible_rate": 0.5833333333333334,
        "binding_rate": 0.61,
        "mean_premium_all": 0.09569660012764823,
        "median_premium_congested": 0.0798518716442752,
        "max_premium": 1.5619924465819675,
        "mean_n_binding": 0.75,
        "mean_n_buses": 6.096666666666667,
        "mean_n_lines": 8.283333333333333,
        "rejection_rate": 0.336
      }
    }
  }
}